received_at,record_id,submitted_at,SN,TMK Agent ID,Submitted on,Respondents,Customer Name,Customer ID,Customer Contact,Issue,Date,_raw_json
2025-09-24T12:17:12Z,{{Record ID}},{{Created time}},{{SN}},{{TMK Agent ID}},{{Submitted on}},{{Respondents}},{{Customer Name}},{{Customer ID}},{{Customer Contact}},{{Issue}},{{Date}},"{""event"": ""lark_form_submission"", ""record_id"": ""{{Record ID}}"", ""submitted_at"": ""{{Created time}}"", ""fields"": {""SN"": ""{{SN}}"", ""TMK Agent ID"": ""{{TMK Agent ID}}"", ""Submitted on"": ""{{Submitted on}}"", ""Respondents"": ""{{Respondents}}"", ""Customer Name"": ""{{Customer Name}}"", ""Customer ID"": ""{{Customer ID}}"", ""Customer Contact"": ""{{Customer Contact}}"", ""Issue"": ""{{Issue}}"", ""Date"": ""{{Date}}""}}"
2025-09-24T12:32:57Z,{{ Record ID }},{{ Created time }},{{ SN }},{{ TMK Agent ID }},{{ Submitted on }},{{ Respondents }},{{ Customer Name }},{{ Customer ID }},{{ Customer Contact }},{{ Issue }},{{ Date }},"{""event"": ""lark_form_submission"", ""record_id"": ""{{ Record ID }}"", ""submitted_at"": ""{{ Created time }}"", ""fields"": {""SN"": ""{{ SN }}"", ""TMK Agent ID"": ""{{ TMK Agent ID }}"", ""Submitted on"": ""{{ Submitted on }}"", ""Respondents"": ""{{ Respondents }}"", ""Customer Name"": ""{{ Customer Name }}"", ""Customer ID"": ""{{ Customer ID }}"", ""Customer Contact"": ""{{ Customer Contact }}"", ""Issue"": ""{{ Issue }}"", ""Date"": ""{{ Date }}""}}"
2025-09-24T12:33:59Z,{{ Record ID }},{{ Created time }},14,{{ TMK Agent ID }},{{ Submitted on }},{{ Respondents }},{{ Customer Name }},{{ Customer ID }},{{ Customer Contact }},{{ Issue }},{{ Date }},"{""event"": ""lark_form_submission"", ""record_id"": ""{{ Record ID }}"", ""submitted_at"": ""{{ Created time }}"", ""fields"": {""SN"": 14, ""TMK Agent ID"": ""{{ TMK Agent ID }}"", ""Submitted on"": ""{{ Submitted on }}"", ""Respondents"": ""{{ Respondents }}"", ""Customer Name"": ""{{ Customer Name }}"", ""Customer ID"": ""{{ Customer ID }}"", ""Customer Contact"": ""{{ Customer Contact }}"", ""Issue"": ""{{ Issue }}"", ""Date"": ""{{ Date }}""}}"
2025-09-24T12:55:36Z,rec6r4zHEP,2025/09/24 14:55,18,iii,2025/09/24,Guest User 31145,ii,iii,iiii,iiiii,2025/09/23,"{""event"": ""lark_form_submission"", ""record_id"": ""rec6r4zHEP"", ""submitted_at"": ""2025/09/24 14:55"", ""fields"": {""SN"": 18, ""TMK Agent ID"": ""iii"", ""Submitted on"": ""2025/09/24"", ""Respondents"": ""Guest User 31145"", ""Customer Name"": ""ii"", ""Customer ID"": ""iii"", ""Customer Contact"": ""iiii"", ""Issue"": ""iiiii"", ""Date"": ""2025/09/23""}}"
2025-09-24T13:51:34Z,recqFmTzTw,2025/09/24 15:51,19,2131,2025/09/24,Guest User 31145,Abogabl,65761324,9564455321,Issue,2025/09/23,"{""event"": ""lark_form_submission"", ""record_id"": ""recqFmTzTw"", ""submitted_at"": ""2025/09/24 15:51"", ""fields"": {""SN"": 19, ""TMK Agent ID"": 2131, ""Submitted on"": ""2025/09/24"", ""Respondents"": ""Guest User 31145"", ""Customer Name"": ""Abogabl"", ""Customer ID"": 65761324, ""Customer Contact"": 9564455321, ""Issue"": ""Issue"", ""Date"": ""2025/09/23""}}"
2025-09-24T13:56:13Z,recLLS3tVy,2025/09/24 15:56,20,gfg,2025/09/24,Guest User 31145,gfdgf,fgdfg,gfdgdgdf,gfdgfd,2025/09/23,"{""event"": ""lark_form_submission"", ""record_id"": ""recLLS3tVy"", ""submitted_at"": ""2025/09/24 15:56"", ""fields"": {""SN"": 20, ""TMK Agent ID"": ""gfg"", ""Submitted on"": ""2025/09/24"", ""Respondents"": ""Guest User 31145"", ""Customer Name"": ""gfdgf"", ""Customer ID"": ""fgdfg"", ""Customer Contact"": ""gfdgdgdf"", ""Issue"": ""gfdgfd"", ""Date"": ""2025/09/23""}}"
2025-09-25T12:43:11Z,reckbOBvO6,2025/09/25 14:43,25,vbadrg,vbadrg,2025/09/25,Guest User 31145,afewra,dafadgf,bdfgwg,dafasdfa,2025/09/24,"{""event"": ""lark_form_submission"", ""record_id"": ""reckbOBvO6"", ""submitted_at"": ""2025/09/25 14:43"", ""fields"": {""SN"": 25, ""TMK Agent ID"": ""vbadrg"", ""CC Agent ID"": ""vbadrg"", ""Submitted on"": ""2025/09/25"", ""Respondents"": ""Guest User 31145"", ""Customer Name"": ""afewra"", ""Customer ID"": ""dafadgf"", ""Customer Contact"": ""bdfgwg"", ""Issue"": ""dafasdfa"", ""Date"": ""2025/09/24""}}"
2025-09-25T12:56:42Z,recSrB5Poq,2025/09/25 14:56,27,hhhhhhhhhhhhhhh,hhhhhhhhhhhhhhhhhh,hhhhhhhhhhhhhhh,2025/09/25,Guest User 31145,hfdhafh,ahafh,fahafh,fhafh,2025/09/24,"{""event"": ""lark_form_submission"", ""record_id"": ""recSrB5Poq"", ""submitted_at"": ""2025/09/25 14:56"", ""fields"": {""SN"": 27, ""TMK Agent ID"": ""hhhhhhhhhhhhhhh"", ""CC Email"": ""hhhhhhhhhhhhhhhhhh"", ""CC Agent ID"": ""hhhhhhhhhhhhhhh"", ""Submitted on"": ""2025/09/25"", ""Respondents"": ""Guest User 31145"", ""Customer Name"": ""hfdhafh"", ""Customer ID"": ""ahafh"", ""Customer Contact"": ""fahafh"", ""Issue"": ""fhafh"", ""Date"": ""2025/09/24""}}"
2025-09-25T12:57:22Z,recf027bEa,2025/09/25 14:57,28,uuu,uuu,uuu,2025/09/25,Guest User 31145,uuu,uuu,uuu,uuu,2025/09/24,"{""event"": ""lark_form_submission"", ""record_id"": ""recf027bEa"", ""submitted_at"": ""2025/09/25 14:57"", ""fields"": {""SN"": 28, ""TMK Agent ID"": ""uuu"", ""CC Email"": ""uuu"", ""CC Agent ID"": ""uuu"", ""Submitted on"": ""2025/09/25"", ""Respondents"": ""Guest User 31145"", ""Customer Name"": ""uuu"", ""Customer ID"": ""uuu"", ""Customer Contact"": ""uuu"", ""Issue"": ""uuu"", ""Date"": ""2025/09/24""}}"
2025-09-25T13:04:51Z,recBu8eM7m,2025/09/25 15:04,29,fgdfga,moustafa.mohamed159357@gmail.com,fgdfga,2025/09/25,Guest User 31145,gfasgasg,sagasg,sgaga,adgadsf,2025/09/24,"{""event"": ""lark_form_submission"", ""record_id"": ""recBu8eM7m"", ""submitted_at"": ""2025/09/25 15:04"", ""fields"": {""SN"": 29, ""TMK Agent ID"": ""fgdfga"", ""CC Email"": ""moustafa.mohamed159357@gmail.com"", ""CC Agent ID"": ""fgdfga"", ""Submitted on"": ""2025/09/25"", ""Respondents"": ""Guest User 31145"", ""Customer Name"": ""gfasgasg"", ""Customer ID"": ""sagasg"", ""Customer Contact"": ""sgaga"", ""Issue"": ""adgadsf"", ""Date"": ""2025/09/24""}}"
2025-09-25T13:16:04Z,recgRmfZ5c,2025/09/25 15:16,30,hgdhfg,moustafa.mohamed159357@gmail.com,hgdhfg,2025/09/25,Guest User 31145,ghsfh,sghgdh,gshdsh,hgsh,2025/09/24,"{""event"": ""lark_form_submission"", ""record_id"": ""recgRmfZ5c"", ""submitted_at"": ""2025/09/25 15:16"", ""fields"": {""SN"": 30, ""TMK Agent ID"": ""hgdhfg"", ""CC Email"": ""moustafa.mohamed159357@gmail.com"", ""CC Agent ID"": ""hgdhfg"", ""Submitted on"": ""2025/09/25"", ""Respondents"": ""Guest User 31145"", ""Customer Name"": ""ghsfh"", ""Customer ID"": ""sghgdh"", ""Customer Contact"": ""gshdsh"", ""Issue"": ""hgsh"", ""Date"": ""2025/09/24""}}"
2025-09-25T13:24:00Z,recHOFlrzF,2025/09/25 15:23,31,9876574,moustafa.mohamed159357@gmail.com,9876574,2025/09/25,Guest User 31145,سعد القحطاني,46546,+9356256253,أريد أن أدفع لإبني حالا,2025/09/24,"{""event"": ""lark_form_submission"", ""record_id"": ""recHOFlrzF"", ""submitted_at"": ""2025/09/25 15:23"", ""fields"": {""SN"": 31, ""TMK Agent ID"": 9876574, ""CC Email"": ""moustafa.mohamed159357@gmail.com"", ""CC Agent ID"": 9876574, ""Submitted on"": ""2025/09/25"", ""Respondents"": ""Guest User 31145"", ""Customer Name"": ""سعد القحطاني"", ""Customer ID"": 46546, ""Customer Contact"": ""+9356256253"", ""Issue"": ""أريد أن أدفع لإبني حالا"", ""Date"": ""2025/09/24""}}"
2025-09-25T13:27:20Z,rec5mHpjRk,2025/09/25 15:27,32,4654,moustafa.mohamed159357@gmail.com,4654,2025/09/25,Guest User 31145,سعد القحطاني الدوسري,1846564,+9651646465,عايز أجدد الاشتراك,2025/09/24,"{""event"": ""lark_form_submission"", ""record_id"": ""rec5mHpjRk"", ""submitted_at"": ""2025/09/25 15:27"", ""fields"": {""SN"": 32, ""TMK Agent ID"": 4654, ""CC Email"": ""moustafa.mohamed159357@gmail.com"", ""CC Agent ID"": 4654, ""Submitted on"": ""2025/09/25"", ""Respondents"": ""Guest User 31145"", ""Customer Name"": ""سعد القحطاني الدوسري"", ""Customer ID"": 1846564, ""Customer Contact"": ""+9651646465"", ""Issue"": ""عايز أجدد الاشتراك"", ""Date"": ""2025/09/24""}}"
2025-09-25T14:02:48Z,rec047EUrw,2025/09/25 16:02,33,123456,moustafa.mohamed159357@gmail.com,123456,2025/09/25,Guest User 31145,Moustafa,132456,+946554981,أريد أن أدفع لابنتي,2025/09/24,"{""event"": ""lark_form_submission"", ""record_id"": ""rec047EUrw"", ""submitted_at"": ""2025/09/25 16:02"", ""fields"": {""SN"": 33, ""TMK Agent ID"": 123456, ""CC Email"": ""moustafa.mohamed159357@gmail.com"", ""CC Agent ID"": 123456, ""Submitted on"": ""2025/09/25"", ""Respondents"": ""Guest User 31145"", ""Customer Name"": ""Moustafa"", ""Customer ID"": 132456, ""Customer Contact"": ""+946554981"", ""Issue"": ""أريد أن أدفع لابنتي"", ""Date"": ""2025/09/24""}}"
2025-09-25T14:05:36Z,reciy7mOyx,2025/09/25 16:05,34,3224865,moustafa.mohamed159357@gmail.com,3224865,2025/09/25,Guest User 31145,Moustafa Mohamed Abdelsattar,446546518,+9465432132,"أريد أن أدفع لأبنتي
",2025/09/24,"{""event"": ""lark_form_submission"", ""record_id"": ""reciy7mOyx"", ""submitted_at"": ""2025/09/25 16:05"", ""fields"": {""SN"": 34, ""TMK Agent ID"": 3224865, ""CC Email"": ""moustafa.mohamed159357@gmail.com"", ""CC Agent ID"": 3224865, ""Submitted on"": ""2025/09/25"", ""Respondents"": ""Guest User 31145"", ""Customer Name"": ""Moustafa Mohamed Abdelsattar"", ""Customer ID"": 446546518, ""Customer Contact"": ""+9465432132"", ""Issue"": ""أريد أن أدفع لأبنتي\n"", ""Date"": ""2025/09/24""}}"
2025-09-25T14:11:43Z,recnBsbSPb,2025/09/25 16:11,35,23465468,moustafa.mohamed159357@gmail.com,23465468,2025/09/25,Guest User 31145,Meso,gfdgdfgdfg,+9234913248,Wanna pay for my little kid,2025/09/24,"{""event"": ""lark_form_submission"", ""record_id"": ""recnBsbSPb"", ""submitted_at"": ""2025/09/25 16:11"", ""fields"": {""SN"": 35, ""TMK Agent ID"": 23465468, ""CC Email"": ""moustafa.mohamed159357@gmail.com"", ""CC Agent ID"": 23465468, ""Submitted on"": ""2025/09/25"", ""Respondents"": ""Guest User 31145"", ""Customer Name"": ""Meso"", ""Customer ID"": ""gfdgdfgdfg"", ""Customer Contact"": ""+9234913248"", ""Issue"": ""Wanna pay for my little kid"", ""Date"": ""2025/09/24""}}"
2025-09-25T14:13:45Z,recbV5xapk,2025/09/25 16:13,36,"
246546",moustafa.mohamed159357@gmail.com,"
246546",2025/09/25,Guest User 31145,hoashglkdsngsadg,24++6,+9424965134,Want to payyyyyy,2025/09/24,"{""event"": ""lark_form_submission"", ""record_id"": ""recbV5xapk"", ""submitted_at"": ""2025/09/25 16:13"", ""fields"": {""SN"": 36, ""TMK Agent ID"": ""\n246546"", ""CC Email"": ""moustafa.mohamed159357@gmail.com"", ""CC Agent ID"": ""\n246546"", ""Submitted on"": ""2025/09/25"", ""Respondents"": ""Guest User 31145"", ""Customer Name"": ""hoashglkdsngsadg"", ""Customer ID"": ""24++6"", ""Customer Contact"": ""+9424965134"", ""Issue"": ""Want to payyyyyy"", ""Date"": ""2025/09/24""}}"
2025-09-25T14:18:33Z,recFh3qUVQ,2025/09/25 16:18,37,554+644+54,moustafa.mohamed159357@gmail.com,554+644+54,2025/09/25,Guest User 31145,Mesooooo,236546,+201016695914,wanna payyyyy plssss,2025/09/24,"{""event"": ""lark_form_submission"", ""record_id"": ""recFh3qUVQ"", ""submitted_at"": ""2025/09/25 16:18"", ""fields"": {""SN"": 37, ""TMK Agent ID"": ""554+644+54"", ""CC Email"": ""moustafa.mohamed159357@gmail.com"", ""CC Agent ID"": ""554+644+54"", ""Submitted on"": ""2025/09/25"", ""Respondents"": ""Guest User 31145"", ""Customer Name"": ""Mesooooo"", ""Customer ID"": 236546, ""Customer Contact"": ""+201016695914"", ""Issue"": ""wanna payyyyy plssss"", ""Date"": ""2025/09/24""}}"
2025-09-25T14:28:18Z,recFITigXo,2025/09/25 16:28,38,4897984,moustafa.mohamed159357@gmail.com,4897984,2025/09/25,Guest User 31145,Mohamed Ahmed,22654654,+9432832265,Wanna know more about the bla bla,2025/09/24,"{""event"": ""lark_form_submission"", ""record_id"": ""recFITigXo"", ""submitted_at"": ""2025/09/25 16:28"", ""fields"": {""SN"": 38, ""TMK Agent ID"": 4897984, ""CC Email"": ""moustafa.mohamed159357@gmail.com"", ""CC Agent ID"": 4897984, ""Submitted on"": ""2025/09/25"", ""Respondents"": ""Guest User 31145"", ""Customer Name"": ""Mohamed Ahmed"", ""Customer ID"": 22654654, ""Customer Contact"": ""+9432832265"", ""Issue"": ""Wanna know more about the bla bla"", ""Date"": ""2025/09/24""}}"
2025-09-25T14:33:48Z,recGMndChC,2025/09/25 16:33,39,132434,moustafa.mohamed159357@gmail.com,132434,2025/09/25,Guest User 31145,Mohamed Ahmed,6546546,+95556146521,I want to pay for my son and no one answers my calls,2025/09/24,"{""event"": ""lark_form_submission"", ""record_id"": ""recGMndChC"", ""submitted_at"": ""2025/09/25 16:33"", ""fields"": {""SN"": 39, ""TMK Agent ID"": 132434, ""CC Email"": ""moustafa.mohamed159357@gmail.com"", ""CC Agent ID"": 132434, ""Submitted on"": ""2025/09/25"", ""Respondents"": ""Guest User 31145"", ""Customer Name"": ""Mohamed Ahmed"", ""Customer ID"": 6546546, ""Customer Contact"": ""+95556146521"", ""Issue"": ""I want to pay for my son and no one answers my calls"", ""Date"": ""2025/09/24""}}"
2025-09-28T08:48:41Z,reccFrjZGJ,2025/09/28 10:48,41,65++9,yokareda10@gmail.com,65++9,2025/09/28,Guest User 55886,Moustafa Mohamed,655979,+23065494,عايز أنام يسطا,2025/09/27,"{""event"": ""lark_form_submission"", ""record_id"": ""reccFrjZGJ"", ""submitted_at"": ""2025/09/28 10:48"", ""fields"": {""SN"": 41, ""TMK Agent ID"": ""65++9"", ""CC Email"": ""yokareda10@gmail.com"", ""CC Agent ID"": ""65++9"", ""Submitted on"": ""2025/09/28"", ""Respondents"": ""Guest User 55886"", ""Customer Name"": ""Moustafa Mohamed"", ""Customer ID"": 655979, ""Customer Contact"": ""+23065494"", ""Issue"": ""عايز أنام يسطا"", ""Date"": ""2025/09/27""}}"
2025-09-28T09:31:15Z,recSFDMmID,2025/09/28 11:31,42,,moustafa.mohamed159357@gmail.com,,2025/09/28,Guest User 55886,Moustafa,32564,+2015432218,wanna sleep only one hour,,"{""event"": ""lark_form_submission"", ""record_id"": ""recSFDMmID"", ""submitted_at"": ""2025/09/28 11:31"", ""fields"": {""SN"": 42, ""TMK - CRM Account Name"": 43434, ""CC - CRM Account Name"": ""51mo"", ""CC Email"": ""moustafa.mohamed159357@gmail.com"", ""CC Whatsapp Number"": ""+213210658"", ""Submitted on"": ""2025/09/28"", ""Respondents"": ""Guest User 55886"", ""Customer Name"": ""Moustafa"", ""Customer ID"": 32564, ""Customer Contact"": ""+2015432218"", ""Issue"": ""wanna sleep only one hour""}}"
2025-09-28T09:52:36Z,recHPRjmmL,2025/09/28 11:52,44,565131,moustafa.mohamed159357@gmail.com,234343,+243734234,2025/09/28,Guest User 55886,mo,4234374,+4634564556,wanna pay and taxes,"{""event"": ""lark_form_submission"", ""record_id"": ""recHPRjmmL"", ""submitted_at"": ""2025/09/28 11:52"", ""fields"": {""SN"": 44, ""TMK - CRM Account Name"": 565131, ""CC - CRM Account Name"": 234343, ""CC Email"": ""moustafa.mohamed159357@gmail.com"", ""CC Whatsapp Number"": ""+243734234"", ""Submitted on"": ""2025/09/28"", ""Respondents"": ""Guest User 55886"", ""Customer Name"": ""mo"", ""Customer ID"": 4234374, ""Customer Contact"": ""+4634564556"", ""Issue"": ""wanna pay and taxes""}}"
2025-09-28T12:20:56Z,recZizvCE2,2025/09/28 14:20,45,meso,moustafa.mohamed159357@gmail.com,yo2f,+201016695914,2025/09/28,Guest User 55886,Leon,389798,+32487651654,Helloooo,"{""event"": ""lark_form_submission"", ""record_id"": ""recZizvCE2"", ""submitted_at"": ""2025/09/28 14:20"", ""fields"": {""SN"": 45, ""TMK - CRM Account Name"": ""meso"", ""CC - CRM Account Name"": ""yo2f"", ""CC Email"": ""moustafa.mohamed159357@gmail.com"", ""CC Whatsapp Number"": ""+201016695914"", ""Submitted on"": ""2025/09/28"", ""Respondents"": ""Guest User 55886"", ""Customer Name"": ""Leon"", ""Customer ID"": 389798, ""Customer Contact"": ""+32487651654"", ""Issue"": ""Helloooo""}}"
2025-09-28T13:05:45Z,recwlKSHSv,2025/09/28 15:05,46,hgfhgfh,hgfghgfh,hgfhfghf,+201016695914,2025/09/28,Guest User 55886,hgfhsf,hsghs,ghsghsf,ghsfhsf,"{""event"": ""lark_form_submission"", ""record_id"": ""recwlKSHSv"", ""submitted_at"": ""2025/09/28 15:05"", ""fields"": {""SN"": 46, ""TMK - CRM Account Name"": ""hgfhgfh"", ""CC - CRM Account Name"": ""hgfhfghf"", ""CC Email"": ""hgfghgfh"", ""CC Whatsapp Number"": ""+201016695914"", ""Submitted on"": ""2025/09/28"", ""Respondents"": ""Guest User 55886"", ""Customer Name"": ""hgfhsf"", ""Customer ID"": ""hsghs"", ""Customer Contact"": ""ghsghsf"", ""Issue"": ""ghsfhsf""}}"
2025-09-28T13:16:02Z,recKkmNWCG,2025/09/28 15:16,47,65465,yokareda10@gmail.com,fdasfasdf,+201016695914,2025/09/28,Guest User 55886,meso,3555465,+65486516548,fq u,"{""event"": ""lark_form_submission"", ""record_id"": ""recKkmNWCG"", ""submitted_at"": ""2025/09/28 15:16"", ""fields"": {""SN"": 47, ""TMK - CRM Account Name"": 65465, ""CC - CRM Account Name"": ""fdasfasdf"", ""CC Email"": ""yokareda10@gmail.com"", ""CC Whatsapp Number"": ""+201016695914"", ""Submitted on"": ""2025/09/28"", ""Respondents"": ""Guest User 55886"", ""Customer Name"": ""meso"", ""Customer ID"": 3555465, ""Customer Contact"": ""+65486516548"", ""Issue"": ""fq u""}}"
2025-09-28T14:11:16Z,recl6IbtKs,2025/09/28 16:11,48,Meso,moustafa.mohamed159357@gmail.com,7mo,+201016695914,2025/09/28,Guest User 55886,Rageh,13221,+20165418946,I wanna eat,"{""event"": ""lark_form_submission"", ""record_id"": ""recl6IbtKs"", ""submitted_at"": ""2025/09/28 16:11"", ""fields"": {""SN"": 48, ""TMK - CRM Account Name"": ""Meso"", ""CC - CRM Account Name"": ""7mo"", ""CC Email"": ""moustafa.mohamed159357@gmail.com"", ""CC Whatsapp Number"": ""+201016695914"", ""Submitted on"": ""2025/09/28"", ""Respondents"": ""Guest User 55886"", ""Customer Name"": ""Rageh"", ""Customer ID"": 13221, ""Customer Contact"": ""+20165418946"", ""Issue"": ""I wanna eat""}}"
2025-09-28T14:13:31Z,recQZWviYs,2025/09/28 16:13,49,fdafasdf,moustafa.mohamed159357@gmail.com,dsfasdfa,+201016695914,2025/09/28,Guest User 55886,Meso,2216554,+2034894211,I wanna die,"{""event"": ""lark_form_submission"", ""record_id"": ""recQZWviYs"", ""submitted_at"": ""2025/09/28 16:13"", ""fields"": {""SN"": 49, ""TMK - CRM Account Name"": ""fdafasdf"", ""CC - CRM Account Name"": ""dsfasdfa"", ""CC Email"": ""moustafa.mohamed159357@gmail.com"", ""CC Whatsapp Number"": ""+201016695914"", ""Submitted on"": ""2025/09/28"", ""Respondents"": ""Guest User 55886"", ""Customer Name"": ""Meso"", ""Customer ID"": 2216554, ""Customer Contact"": ""+2034894211"", ""Issue"": ""I wanna die""}}"
2025-09-28T14:31:08Z,rec3a56zeY,2025/09/28 16:31,50,Meso,moustafa.mohamed159357@gmail.com,Mo,+201016695914,2025/09/28,Guest User 55886,Meso,549884,+2165465165,I want to have a breakfast,"{""event"": ""lark_form_submission"", ""record_id"": ""rec3a56zeY"", ""submitted_at"": ""2025/09/28 16:31"", ""fields"": {""SN"": 50, ""TMK - CRM Account Name"": ""Meso"", ""CC - CRM Account Name"": ""Mo"", ""CC Email"": ""moustafa.mohamed159357@gmail.com"", ""CC Whatsapp Number"": ""+201016695914"", ""Submitted on"": ""2025/09/28"", ""Respondents"": ""Guest User 55886"", ""Customer Name"": ""Meso"", ""Customer ID"": 549884, ""Customer Contact"": ""+2165465165"", ""Issue"": ""I want to have a breakfast""}}"
2025-09-28T14:41:55Z,recW2PsaBh,2025/09/28 16:41,51,Moustafa,moustafa.mohamed159357@gmail.com,Mohamed,+201016695914,2025/09/28,Guest User 55886,youssef,123,+20165498231,I want to help tmk,"{""event"": ""lark_form_submission"", ""record_id"": ""recW2PsaBh"", ""submitted_at"": ""2025/09/28 16:41"", ""fields"": {""SN"": 51, ""TMK - CRM Account Name"": ""Moustafa"", ""CC - CRM Account Name"": ""Mohamed"", ""CC Email"": ""moustafa.mohamed159357@gmail.com"", ""CC Whatsapp Number"": ""+201016695914"", ""Submitted on"": ""2025/09/28"", ""Respondents"": ""Guest User 55886"", ""Customer Name"": ""youssef"", ""Customer ID"": 123, ""Customer Contact"": ""+20165498231"", ""Issue"": ""I want to help tmk""}}"
2025-09-28T14:44:43Z,recSKifd9e,2025/09/28 16:44,52,Moustafa,moustafa.mohamed159357@gmail.com,Youssef,+201016695914,2025/09/28,Guest User 55886,Mohamed,1233,+2646451655,I wanna help tmk team,"{""event"": ""lark_form_submission"", ""record_id"": ""recSKifd9e"", ""submitted_at"": ""2025/09/28 16:44"", ""fields"": {""SN"": 52, ""TMK - CRM Account Name"": ""Moustafa"", ""CC - CRM Account Name"": ""Youssef"", ""CC Email"": ""moustafa.mohamed159357@gmail.com"", ""CC Whatsapp Number"": ""+201016695914"", ""Submitted on"": ""2025/09/28"", ""Respondents"": ""Guest User 55886"", ""Customer Name"": ""Mohamed"", ""Customer ID"": 1233, ""Customer Contact"": ""+2646451655"", ""Issue"": ""I wanna help tmk team""}}"
2025-09-28T14:46:38Z,recWQ5rOCZ,2025/09/28 16:46,53,gfdgfdg,yokareda10@gmail.com,gdfgdg,+201220730174,2025/09/28,Guest User 55886,youssef,654654,6+65465,fgjsjgsdlgksakg,"{""event"": ""lark_form_submission"", ""record_id"": ""recWQ5rOCZ"", ""submitted_at"": ""2025/09/28 16:46"", ""fields"": {""SN"": 53, ""TMK - CRM Account Name"": ""gfdgfdg"", ""CC - CRM Account Name"": ""gdfgdg"", ""CC Email"": ""yokareda10@gmail.com"", ""CC Whatsapp Number"": ""+201220730174"", ""Submitted on"": ""2025/09/28"", ""Respondents"": ""Guest User 55886"", ""Customer Name"": ""youssef"", ""Customer ID"": 654654, ""Customer Contact"": ""6+65465"", ""Issue"": ""fgjsjgsdlgksakg""}}"
2025-09-28T14:48:16Z,recq3GmsMR,2025/09/28 16:48,54,Moustafa,moustafa.mohamed159357@gmail.com,Mohamed,+201016695914,2025/09/28,Guest User 55886,Youssef,123,+20165460564,I wanna help tmk team,"{""event"": ""lark_form_submission"", ""record_id"": ""recq3GmsMR"", ""submitted_at"": ""2025/09/28 16:48"", ""fields"": {""SN"": 54, ""TMK - CRM Account Name"": ""Moustafa"", ""CC - CRM Account Name"": ""Mohamed"", ""CC Email"": ""moustafa.mohamed159357@gmail.com"", ""CC Whatsapp Number"": ""+201016695914"", ""Submitted on"": ""2025/09/28"", ""Respondents"": ""Guest User 55886"", ""Customer Name"": ""Youssef"", ""Customer ID"": 123, ""Customer Contact"": ""+20165460564"", ""Issue"": ""I wanna help tmk team""}}"
2025-09-28T14:50:13Z,recYtJR3Hh,2025/09/28 16:50,55,Moustafa,moustafa.mohamed159357@gmail.com,Mohamed,+201016695914,2025/09/28,Guest User 55886,Youssef Reda,123,+02640616544,I wanna help tmk team,"{""event"": ""lark_form_submission"", ""record_id"": ""recYtJR3Hh"", ""submitted_at"": ""2025/09/28 16:50"", ""fields"": {""SN"": 55, ""TMK - CRM Account Name"": ""Moustafa"", ""CC - CRM Account Name"": ""Mohamed"", ""CC Email"": ""moustafa.mohamed159357@gmail.com"", ""CC Whatsapp Number"": ""+201016695914"", ""Submitted on"": ""2025/09/28"", ""Respondents"": ""Guest User 55886"", ""Customer Name"": ""Youssef Reda"", ""Customer ID"": 123, ""Customer Contact"": ""+02640616544"", ""Issue"": ""I wanna help tmk team""}}"
2025-09-28T14:54:04Z,recOEUjGOo,2025/09/28 16:54,56,gfasgas,gafgag,sfgsaga,+201016695914,2025/09/28,Guest User 55886,agadga,fagag,sagag,dsaga,"{""event"": ""lark_form_submission"", ""record_id"": ""recOEUjGOo"", ""submitted_at"": ""2025/09/28 16:54"", ""fields"": {""SN"": 56, ""TMK - CRM Account Name"": ""gfasgas"", ""CC - CRM Account Name"": ""sfgsaga"", ""CC Email"": ""gafgag"", ""CC Whatsapp Number"": ""+201016695914"", ""Submitted on"": ""2025/09/28"", ""Respondents"": ""Guest User 55886"", ""Customer Name"": ""agadga"", ""Customer ID"": ""fagag"", ""Customer Contact"": ""sagag"", ""Issue"": ""dsaga""}}"
2025-09-28T19:52:15Z,recM3OgUmh,2025/09/28 21:52,57,Moustafa,moustafa.mohamed159357@gmail.com,Mohamed,+201016695914,2025/09/28,Guest User 55886,Youssef Reda,123456,+201649842,I want to pay for my son,"{""event"": ""lark_form_submission"", ""record_id"": ""recM3OgUmh"", ""submitted_at"": ""2025/09/28 21:52"", ""fields"": {""SN"": 57, ""TMK - CRM Account Name"": ""Moustafa"", ""CC - CRM Account Name"": ""Mohamed"", ""CC Email"": ""moustafa.mohamed159357@gmail.com"", ""CC Whatsapp Number"": ""+201016695914"", ""Submitted on"": ""2025/09/28"", ""Respondents"": ""Guest User 55886"", ""Customer Name"": ""Youssef Reda"", ""Customer ID"": 123456, ""Customer Contact"": ""+201649842"", ""Issue"": ""I want to pay for my son""}}"
2025-09-28T19:54:43Z,recwEZ7k6s,2025/09/28 21:54,58,Moustafa,moustafa.mohamed159357@gmail.com,Mohamed,+201016695914,2025/09/28,Guest User 55886,Youssef Reda,123465,+066545165,I want to help the tmk team,"{""event"": ""lark_form_submission"", ""record_id"": ""recwEZ7k6s"", ""submitted_at"": ""2025/09/28 21:54"", ""fields"": {""SN"": 58, ""TMK - CRM Account Name"": ""Moustafa"", ""CC - CRM Account Name"": ""Mohamed"", ""CC Email"": ""moustafa.mohamed159357@gmail.com"", ""CC Whatsapp Number"": ""+201016695914"", ""Submitted on"": ""2025/09/28"", ""Respondents"": ""Guest User 55886"", ""Customer Name"": ""Youssef Reda"", ""Customer ID"": 123465, ""Customer Contact"": ""+066545165"", ""Issue"": ""I want to help the tmk team""}}"
2025-09-28T20:00:33Z,recz2j3EUd,2025/09/28 22:00,59,Moustafa,moustafa.mohamed159357@gmail.com,Youssef,+201016695914,2025/09/28,Guest User 55886,Meso,123465,+2016461164,I want to help the tmk team,"{""event"": ""lark_form_submission"", ""record_id"": ""recz2j3EUd"", ""submitted_at"": ""2025/09/28 22:00"", ""fields"": {""SN"": 59, ""TMK - CRM Account Name"": ""Moustafa"", ""CC - CRM Account Name"": ""Youssef"", ""CC Email"": ""moustafa.mohamed159357@gmail.com"", ""CC Whatsapp Number"": ""+201016695914"", ""Submitted on"": ""2025/09/28"", ""Respondents"": ""Guest User 55886"", ""Customer Name"": ""Meso"", ""Customer ID"": 123465, ""Customer Contact"": ""+2016461164"", ""Issue"": ""I want to help the tmk team""}}"
2025-09-28T20:03:41Z,rec3VYmHdX,2025/09/28 22:03,60,Moustafa,moustafa.mohamed159357@gmail.com,Youssef,+201016695914,2025/09/28,Guest User 55886,Meso,123456,+0201654465156,I want to help the tmk team,"{""event"": ""lark_form_submission"", ""record_id"": ""rec3VYmHdX"", ""submitted_at"": ""2025/09/28 22:03"", ""fields"": {""SN"": 60, ""TMK - CRM Account Name"": ""Moustafa"", ""CC - CRM Account Name"": ""Youssef"", ""CC Email"": ""moustafa.mohamed159357@gmail.com"", ""CC Whatsapp Number"": ""+201016695914"", ""Submitted on"": ""2025/09/28"", ""Respondents"": ""Guest User 55886"", ""Customer Name"": ""Meso"", ""Customer ID"": 123456, ""Customer Contact"": ""+0201654465156"", ""Issue"": ""I want to help the tmk team""}}"
